instance,status,meanSolverTime,meanSRTime
inst-102-1014571339,graded,389.139,1.905
inst-110-484122292,graded,15.994,0.814
inst-116-215827268,graded,282.827,0.671
inst-121-484122292,graded,79.477,0.869
inst-157-1242700005,graded,257.085,1.443
inst-164-1242700005,graded,140.28,1.589
inst-164-1710883418,graded,78.131,2.116
inst-165-484122292,graded,51.619,0.704
inst-166-1014571339,graded,21.561,1.194
inst-172-215827268,graded,11.392,0.618
inst-172-875407424,graded,29.707,0.387
inst-185-484122292,graded,20.3,0.493
inst-188-1710883418,graded,20.458,1.213
inst-198-1710883418,graded,19.563,1.434
inst-205-215827268,graded,503.51,1.348
inst-208-1014571339,graded,946.854,0.918
inst-208-215827268,graded,686.68,1.471
inst-210-1242700005,graded,13.916,0.963
inst-210-484122292,graded,86.215,1.125
inst-230-215827268,graded,32.713,0.577
inst-233-1014571339,graded,48.233,0.915
inst-233-1242700005,graded,38.476,0.8
inst-233-1401207286,graded,28.349,0.792
inst-233-1822952153,graded,40.813,0.834
inst-233-19034017,graded,24.414,0.749
inst-233-1986116737,graded,14.204,0.78
inst-233-215827268,graded,16.337,0.811
inst-233-322757527,graded,13.692,0.412
inst-233-484122292,graded,29.381,1.131
inst-233-875407424,graded,16.071,0.458
inst-247-1014571339,graded,10.529,1.077
inst-248-215827268,graded,292.718,1.261
inst-257-1014571339,graded,16.336,0.322
inst-257-715166324,graded,42.168,0.567
inst-260-1986116737,graded,478.16,1.027
inst-28-715166324,graded,727.464,2.057
inst-292-1014571339,graded,85.646,0.722
inst-308-1242700005,graded,15.816,0.958
inst-309-484122292,graded,55.448,1.097
inst-316-1014571339,graded,96.113,0.675
inst-316-1242700005,graded,53.602,0.724
inst-316-1401207286,graded,10.626,1.346
inst-316-1710883418,graded,131.084,0.542
inst-316-1822952153,graded,56.67,3.837
inst-316-19034017,graded,19.523,0.688
inst-316-1986116737,graded,20.632,0.576
inst-316-2112075539,graded,260.672,1.121
inst-316-215827268,graded,33.564,0.556
inst-316-322757527,graded,60.574,0.675
inst-316-484122292,graded,15.727,0.791
inst-316-715166324,graded,19.207,0.67
inst-316-875407424,graded,32.637,0.855
inst-319-484122292,graded,1076.446,0.61
inst-344-1014571339,graded,11.184,0.645
inst-344-1242700005,graded,13.361,0.794
inst-344-1710883418,graded,19.213,0.895
inst-344-19034017,graded,68.51,1.072
inst-344-1986116737,graded,19.87,0.607
inst-344-2112075539,graded,27.475,1.235
inst-344-215827268,graded,113.061,0.606
inst-344-322757527,graded,13.459,0.849
inst-344-484122292,graded,25.288,0.369
inst-344-715166324,graded,12.364,0.486
inst-344-875407424,graded,31.025,1.025
inst-35-875407424,graded,39.331,1.962
inst-365-1986116737,graded,56.712,0.437
inst-377-1014571339,graded,960.628,0.745
inst-377-2112075539,graded,802.632,1.499
inst-377-715166324,graded,215.794,0.832
inst-384-715166324,graded,514.238,0.773
inst-392-1014571339,graded,31.287,0.653
inst-392-1242700005,graded,27.149,0.879
inst-392-1401207286,graded,12.531,0.539
inst-392-19034017,graded,351.755,1.138
inst-392-1986116737,graded,13.077,0.643
inst-392-2112075539,graded,89.877,1.58
inst-392-215827268,graded,494.36,0.493
inst-392-484122292,graded,27.611,0.604
inst-392-875407424,graded,32.217,0.748
inst-396-2112075539,graded,31.501,1.493
inst-399-875407424,graded,164.967,0.666
inst-401-1242700005,graded,13.693,0.69
inst-401-715166324,graded,14.106,0.624
inst-408-2112075539,graded,405.156,0.631
inst-412-1014571339,graded,169.46,0.78
inst-415-1014571339,graded,628.282,0.716
inst-415-1242700005,graded,139.4,0.727
inst-418-1014571339,graded,36.906,0.622
inst-418-715166324,graded,40.681,0.698
inst-426-715166324,graded,13.768,0.763
inst-429-715166324,graded,11.227,0.62
inst-440-1242700005,graded,31.958,0.622
inst-443-875407424,graded,14.208,0.547
inst-449-1014571339,graded,31.02,0.65
inst-449-1242700005,graded,28.517,0.554
inst-459-875407424,graded,19.665,0.63
inst-461-715166324,graded,26.692,0.651
inst-464-1242700005,graded,69.237,1.091
inst-467-1014571339,graded,20.665,0.833
inst-467-715166324,graded,67.145,0.589
inst-468-1242700005,graded,22.416,0.752
inst-468-1710883418,graded,15.587,0.532
inst-468-2112075539,graded,13.447,0.603
inst-468-875407424,graded,167.648,0.734
inst-476-1242700005,graded,321.489,1.352
inst-476-715166324,graded,13.578,2.088
inst-480-1242700005,graded,96.373,0.747
inst-480-715166324,graded,310.909,0.998
inst-490-1014571339,graded,419.786,0.933
inst-496-19034017,graded,16.516,1.258
inst-496-715166324,graded,21.609,0.665
inst-500-1014571339,graded,105.585,0.947
inst-500-19034017,graded,21.841,1.192
inst-500-715166324,graded,45.857,0.8
inst-501-1014571339,graded,14.143,1.102
inst-506-1986116737,graded,790.839,0.48
inst-507-1242700005,graded,53.41,0.791
inst-507-19034017,graded,403.105,1.083
inst-507-484122292,graded,304.753,0.693
inst-509-1014571339,graded,143.103,0.892
inst-509-1242700005,graded,13.286,0.869
inst-509-1401207286,graded,351.696,0.925
inst-509-1822952153,graded,606.53,2.767
inst-509-19034017,graded,637.832,1.223
inst-509-1927683781,graded,27.849,0.532
inst-509-1986116737,graded,157.213,0.69
inst-509-2112075539,graded,15.021,0.829
inst-509-215827268,graded,10.48,0.578
inst-509-484122292,graded,10.037,0.682
inst-509-715166324,graded,356.181,0.922
inst-511-1014571339,graded,10.98,0.589
inst-511-19034017,graded,41.099,1.082
inst-511-484122292,graded,10.143,0.655
inst-511-875407424,graded,19.51,0.96
inst-513-1014571339,graded,873.392,0.794
inst-516-1242700005,graded,18.729,0.566
inst-516-19034017,graded,37.905,1.225
inst-516-715166324,graded,18.386,0.796
inst-516-875407424,graded,12.096,0.361
inst-517-1014571339,graded,192.397,0.859
inst-517-1242700005,graded,19.482,0.808
inst-518-1014571339,graded,700.056,0.869
inst-518-19034017,graded,500.896,1.21
inst-518-1986116737,graded,406.112,0.916
inst-518-2112075539,graded,44.595,0.807
inst-518-484122292,graded,999.267,0.884
inst-518-715166324,graded,146.38,0.904
inst-519-715166324,graded,11.482,0.839
inst-520-1242700005,graded,17.967,0.865
inst-523-715166324,graded,19.552,0.734
inst-527-1242700005,graded,72.306,0.797
inst-528-1986116737,graded,18.141,0.606
inst-529-1014571339,graded,17.686,0.643
inst-529-1242700005,graded,17.674,0.933
inst-529-484122292,graded,12.444,0.539
inst-529-715166324,graded,12.751,0.843
inst-529-875407424,graded,14.535,1.089
inst-533-1986116737,graded,1084.203,0.967
inst-537-1014571339,graded,185.325,0.83
inst-537-19034017,graded,530.513,0.448
inst-538-1242700005,graded,995.883,0.739
inst-538-19034017,graded,48.108,0.411
inst-538-715166324,graded,32.429,0.514
inst-541-1986116737,graded,330.66,0.724
inst-546-19034017,graded,17.027,0.502
inst-546-715166324,graded,16.937,0.712
inst-549-1014571339,graded,32.411,0.374
inst-549-1242700005,graded,19.135,0.443
inst-549-1401207286,graded,142.331,0.794
inst-549-19034017,graded,76.854,0.88
inst-549-2112075539,graded,14.374,0.304
inst-549-322757527,graded,11.836,0.413
inst-549-484122292,graded,12.552,0.584
inst-549-715166324,graded,58.416,0.977
inst-549-875407424,graded,22.111,0.701
inst-550-1014571339,graded,79.325,0.739
inst-550-19034017,graded,22.31,0.552
inst-554-1986116737,graded,25.131,0.613
inst-562-1986116737,graded,315.608,0.991
inst-571-19034017,graded,51.793,0.952
inst-572-1242700005,graded,22.375,0.916
inst-580-1242700005,graded,453.674,0.748
inst-580-19034017,graded,1160.02,1.246
inst-580-1986116737,graded,114.197,0.696
inst-582-1014571339,graded,236.437,0.693
inst-582-1242700005,graded,114.124,0.732
inst-582-1401207286,graded,770.659,0.984
inst-582-1710883418,graded,423.831,0.623
inst-582-1822952153,graded,254.933,0.855
inst-582-19034017,graded,154.968,0.478
inst-582-1927683781,graded,430.455,0.713
inst-582-1986116737,graded,597.794,0.616
inst-582-2112075539,graded,284.316,0.353
inst-582-215827268,graded,177.223,0.803
inst-582-322757527,graded,115.614,1.906
inst-582-484122292,graded,430.996,0.991
inst-582-715166324,graded,194.542,1.109
inst-582-875407424,graded,291.008,1.066
inst-583-1242700005,graded,33.949,0.835
inst-583-19034017,graded,213.381,0.505
inst-583-715166324,graded,15.316,0.632
inst-583-875407424,graded,108.491,0.411
inst-587-1242700005,graded,417.771,1.175
inst-587-19034017,graded,216.807,0.524
inst-591-1014571339,graded,649.727,0.743
inst-591-1242700005,graded,91.922,1.188
inst-591-19034017,graded,148.118,1.043
inst-597-1014571339,graded,421.131,0.57
inst-597-1242700005,graded,89.458,0.571
inst-597-1401207286,graded,47.976,0.448
inst-59-715166324,graded,235.977,2.228
inst-597-19034017,graded,46.127,0.826
inst-597-715166324,graded,32.474,0.637
inst-59-875407424,graded,101.098,0.828
inst-601-1014571339,graded,22.62,0.74
inst-601-484122292,graded,63.107,0.527
inst-601-715166324,graded,79.208,0.823
inst-602-484122292,graded,11.169,0.622
inst-602-715166324,graded,17.69,0.91
inst-607-1014571339,graded,78.125,0.494
inst-607-1242700005,graded,26.34,0.463
inst-608-715166324,graded,395.088,1.066
inst-611-1014571339,graded,160.641,1.045
inst-611-1242700005,graded,105.49,1.333
inst-611-715166324,graded,10.384,1.034
inst-615-715166324,graded,16.905,0.72
inst-617-19034017,graded,16.733,0.554
inst-618-1986116737,graded,161.672,0.568
inst-623-19034017,graded,309.328,0.75
inst-629-715166324,graded,811.124,0.586
inst-635-715166324,graded,10.689,0.397
inst-637-1014571339,graded,45.832,1.318
inst-637-19034017,graded,230.594,0.858
inst-638-1014571339,graded,12.65,1.326
inst-638-1242700005,graded,30.776,0.712
inst-638-1710883418,graded,10.917,0.642
inst-638-2112075539,graded,19.278,0.629
inst-638-484122292,graded,12.193,0.743
inst-638-715166324,graded,23.739,1.047
inst-640-1014571339,graded,231.94,0.938
inst-640-1242700005,graded,521.961,0.836
inst-640-1401207286,graded,117.807,1.618
inst-640-1986116737,graded,73.403,0.88
inst-640-2112075539,graded,749.591,0.887
inst-640-215827268,graded,27.995,0.54
inst-640-322757527,graded,42.651,0.754
inst-640-484122292,graded,29.644,1.486
inst-640-715166324,graded,1175.288,0.651
inst-640-875407424,graded,99.731,0.571
inst-642-1014571339,graded,33.218,1.278
inst-642-1986116737,graded,42.923,0.772
inst-644-1014571339,graded,25.767,1.399
inst-644-1242700005,graded,75.105,0.945
inst-644-1401207286,graded,22.763,0.904
inst-644-1710883418,graded,81.453,0.635
inst-644-1822952153,graded,11.299,1.028
inst-644-19034017,graded,95.702,0.498
inst-644-1927683781,graded,244.237,0.981
inst-644-2112075539,graded,624.827,0.886
inst-644-215827268,graded,30.506,0.838
inst-644-322757527,graded,36.178,1.014
inst-644-484122292,graded,782.546,0.625
inst-644-875407424,graded,727.565,0.993
inst-652-1822952153,graded,13.53,0.612
inst-652-322757527,graded,23.004,0.992
inst-655-19034017,graded,16.755,1.223
inst-661-19034017,graded,1158.205,0.93
inst-661-322757527,graded,106.158,0.959
inst-663-215827268,graded,19.63,0.387
inst-664-19034017,graded,36.166,1.339
inst-664-215827268,graded,10.874,0.715
inst-664-322757527,graded,34.638,1.125
inst-665-1822952153,graded,89.807,1.566
inst-667-19034017,graded,605.587,0.832
inst-676-1822952153,graded,681.126,0.643
inst-676-215827268,graded,13.786,0.399
inst-677-1822952153,graded,10.056,0.83
inst-678-1822952153,graded,810.773,1.877
inst-678-215827268,graded,609.811,1.219
inst-682-1822952153,graded,17.655,0.653
inst-685-19034017,graded,65.301,0.89
inst-694-19034017,graded,402.732,0.909
inst-696-1822952153,graded,741.762,0.915
inst-698-1822952153,graded,34.985,0.932
inst-699-19034017,graded,12.839,0.627
inst-705-215827268,graded,16.983,0.577
inst-705-322757527,graded,23.18,0.721
inst-707-19034017,graded,82.626,1.194
inst-708-1822952153,graded,28.008,0.962
inst-710-1822952153,graded,47.051,0.856
inst-710-19034017,graded,70.94,0.798
inst-710-215827268,graded,568.309,0.515
inst-716-1822952153,graded,28.97,0.89
inst-716-19034017,graded,72.728,0.594
inst-716-215827268,graded,86.458,1.162
inst-716-322757527,graded,56.214,0.691
inst-717-1822952153,graded,29.483,1.064
inst-717-19034017,graded,923.781,0.777
inst-717-215827268,graded,13.705,1.325
inst-717-322757527,graded,10.336,2.276
inst-720-1822952153,graded,24.808,1.314
inst-720-215827268,graded,31.401,0.8
inst-720-322757527,graded,18.641,0.608
inst-721-1822952153,graded,16.318,0.592
inst-721-19034017,graded,634.687,1.167
inst-722-1822952153,graded,38.668,1.396
inst-722-19034017,graded,10.148,1.277
inst-722-215827268,graded,25.955,1.16
inst-722-322757527,graded,56.212,0.853
inst-723-19034017,graded,120.247,0.957
inst-727-1822952153,graded,1043.487,0.645
inst-728-1822952153,graded,12.55,1.834
inst-736-19034017,graded,13.513,0.826
inst-737-1822952153,graded,15.427,1.756
inst-737-19034017,graded,27.981,6.342
inst-737-215827268,graded,140.442,0.717
inst-737-322757527,graded,33.708,0.658
inst-740-19034017,graded,28.462,1.561
inst-740-215827268,graded,389.443,1.171
inst-740-322757527,graded,59.461,0.595
inst-742-1822952153,graded,25.295,0.485
inst-742-322757527,graded,13.026,1.826
inst-74-715166324,graded,11.654,1.117
inst-747-1822952153,graded,17.428,0.7
inst-747-19034017,graded,19.175,0.71
inst-748-322757527,graded,15.9,0.46
inst-754-322757527,graded,45.337,1.241
inst-755-1822952153,graded,89.886,1.436
inst-755-19034017,graded,855.273,1.27
inst-755-215827268,graded,15.086,0.491
inst-755-322757527,graded,15.543,1.029
inst-757-19034017,graded,34.292,0.984
inst-757-322757527,graded,26.825,1.812
inst-763-1822952153,graded,158.243,0.685
inst-763-215827268,graded,39.421,1.452
inst-765-1822952153,graded,140.934,0.476
inst-765-19034017,graded,87.73,0.506
inst-765-215827268,graded,121.378,0.778
inst-765-322757527,graded,61.257,1.423
inst-769-322757527,graded,560.249,0.645
inst-775-1822952153,graded,16.077,0.478
inst-777-215827268,graded,10.226,0.932
inst-777-322757527,graded,12.421,0.586
inst-780-1822952153,graded,10.367,0.672
inst-780-322757527,graded,48.793,2.917
inst-786-322757527,graded,619.284,0.854
inst-787-1822952153,graded,14.346,0.511
inst-787-19034017,graded,22.95,0.524
inst-791-322757527,graded,161.255,0.739
inst-795-1822952153,graded,386.347,0.587
inst-795-19034017,graded,159.101,0.947
inst-795-215827268,graded,39.73,0.565
inst-795-322757527,graded,10.512,1.216
inst-799-215827268,graded,28.049,1.852
inst-800-1822952153,graded,1094.647,1.005
inst-800-322757527,graded,1045.123,0.372
inst-801-19034017,graded,11.199,1.097
inst-803-1822952153,graded,125.207,0.474
inst-803-19034017,graded,212.762,0.282
inst-803-322757527,graded,35.334,1.202
inst-804-215827268,graded,14.935,1.708
inst-809-19034017,graded,12.373,0.433
inst-809-215827268,graded,17.69,0.651
inst-816-215827268,graded,17.179,0.519
inst-816-322757527,graded,31.604,0.382
inst-817-215827268,graded,172.092,0.441
inst-819-1822952153,graded,26.25,0.478
inst-824-1822952153,graded,82.319,5.328
inst-824-19034017,graded,28.062,0.7
inst-824-215827268,graded,23.193,0.541
inst-826-1822952153,graded,616.485,0.488
inst-826-215827268,graded,209.778,0.36
inst-828-1822952153,graded,16.289,1.175
inst-828-19034017,graded,14.291,0.652
inst-828-322757527,graded,18.868,1.019
inst-833-322757527,graded,508.116,1.07
inst-835-1822952153,graded,40.811,0.673
inst-835-322757527,graded,33.259,1.204
inst-837-322757527,graded,70.604,0.673
inst-87-1986116737,graded,16.942,0.314
inst-90-1710883418,graded,41.653,0.888
inst-93-1242700005,graded,42.19,1.166
inst-95-1986116737,graded,34.359,0.604
inst-103-1059134666,graded,232.975,2.008
inst-104-1059134666,graded,166.38,0.846
inst-104-1125634119,graded,111.802,1.247
inst-104-1362585030,graded,20.138,4.046
inst-105-725167965,graded,636.813,0.865
inst-109-1450488136,graded,748.829,1.798
inst-164-1006987790,graded,59.05,1.895
inst-185-138105639,graded,62.252,1.612
inst-193-1059134666,graded,978.399,1.395
inst-193-1678613759,graded,726.108,0.294
inst-201-1362585030,graded,135.381,2.024
inst-201-725167965,graded,122.229,1.745
inst-203-1059134666,graded,666.078,0.639
inst-203-1362585030,graded,563.889,2.608
inst-203-138105639,graded,505.985,0.966
inst-209-138105639,graded,30.107,0.899
inst-210-1006987790,graded,15.62,0.57
inst-210-1059134666,graded,38.242,2.507
inst-210-1125634119,graded,145.365,0.462
inst-210-1218912387,graded,30.682,0.728
inst-210-1362585030,graded,600.782,0.403
inst-210-138105639,graded,143.466,1.179
inst-210-1450488136,graded,35.269,0.346
inst-210-1678613759,graded,68.115,0.862
inst-210-236760788,graded,14.202,0.469
inst-210-53859469,graded,326.238,0.522
inst-210-622758660,graded,75.398,0.895
inst-210-657169740,graded,229.672,0.856
inst-210-725167965,graded,170.549,0.475
inst-210-744459472,graded,228.556,0.856
inst-224-138105639,graded,57.187,1.165
inst-229-1006987790,graded,910.761,0.806
inst-242-1125634119,graded,92.745,0.815
inst-242-1218912387,graded,178.657,0.932
inst-242-1362585030,graded,10.577,10.395
inst-242-1450488136,graded,29.588,0.355
inst-242-1678613759,graded,330.517,0.399
inst-242-236760788,graded,1152.681,0.686
inst-242-622758660,graded,566.52,1.201
inst-258-1006987790,graded,473.513,0.457
inst-258-1362585030,graded,23.796,0.538
inst-262-1362585030,graded,11.133,1.512
inst-262-622758660,graded,15.771,1.121
inst-278-236760788,graded,29.717,1.071
inst-281-236760788,graded,56.165,0.407
inst-286-236760788,graded,915.46,0.553
inst-289-1362585030,graded,807.891,7.024
inst-289-622758660,graded,202.652,0.898
inst-293-1006987790,graded,95.983,0.433
inst-293-622758660,graded,29.328,1.02
inst-296-53859469,graded,845.661,0.625
inst-297-1006987790,graded,270.965,0.609
inst-306-1362585030,graded,278.781,22.033
inst-315-622758660,graded,84.498,0.367
inst-331-1218912387,graded,12.375,0.572
inst-340-138105639,graded,389.504,0.444
inst-347-1125634119,graded,82.673,1.195
inst-347-1218912387,graded,125.382,45.004
inst-347-1362585030,graded,13.94,0.905
inst-347-138105639,graded,13.487,0.461
inst-347-236760788,graded,39.71,0.417
inst-347-53859469,graded,21.921,0.596
inst-347-657169740,graded,41.796,0.612
inst-347-744459472,graded,256.536,1.311
inst-360-138105639,graded,112.529,0.597
inst-360-1450488136,graded,375.003,0.901
inst-365-53859469,graded,352.955,0.86
inst-366-138105639,graded,53.428,0.612
inst-369-622758660,graded,15.801,0.69
inst-371-622758660,graded,1150.559,0.571
inst-374-138105639,graded,311.149,0.539
inst-376-1059134666,graded,27.043,1.164
inst-376-138105639,graded,31.644,5.911
inst-376-1450488136,graded,85.98,0.487
inst-381-138105639,graded,626.253,8.956
inst-381-1450488136,graded,374.293,0.664
inst-386-53859469,graded,14.262,0.543
inst-386-622758660,graded,15.225,0.494
inst-389-1006987790,graded,85.441,0.621
inst-389-1125634119,graded,86.759,0.443
inst-389-1218912387,graded,442.119,0.644
inst-389-1362585030,graded,609.398,0.645
inst-389-138105639,graded,211.585,0.308
inst-389-1678613759,graded,25.862,0.356
inst-389-622758660,graded,158.286,0.433
inst-399-1218912387,graded,50.436,1.201
inst-399-138105639,graded,55.092,9.214
inst-399-1450488136,graded,184.176,5.025
inst-399-622758660,graded,248.748,0.334
inst-422-622758660,graded,183.75,0.538
inst-434-622758660,graded,22.121,0.516
inst-435-1218912387,graded,35.218,0.558
inst-435-1450488136,graded,35.374,0.456
inst-436-657169740,graded,28.044,0.42
inst-445-1125634119,graded,12.809,0.815
inst-445-657169740,graded,619.331,0.652
inst-446-657169740,graded,37.751,1.083
inst-447-1059134666,graded,754.973,1.361
inst-447-1125634119,graded,221.511,1.414
inst-447-1218912387,graded,159.673,0.523
inst-447-1362585030,graded,465.34,1.441
inst-447-138105639,graded,33.229,0.669
inst-447-1450488136,graded,328.282,1.795
inst-447-1678613759,graded,177.051,0.802
inst-447-236760788,graded,65.259,0.947
inst-447-53859469,graded,53.175,1.475
inst-447-622758660,graded,429.274,0.885
inst-447-657169740,graded,378.763,0.578
inst-447-725167965,graded,37.189,0.748
inst-447-744459472,graded,46.293,1.564
inst-453-622758660,graded,26.698,0.638
inst-4-53859469,graded,29.056,1.305
inst-455-53859469,graded,18.811,0.698
inst-455-657169740,graded,17.864,1.064
inst-459-622758660,graded,27.055,1.453
inst-462-1362585030,graded,593.598,0.496
inst-464-53859469,graded,36.808,1.085
inst-465-53859469,graded,987.382,0.691
inst-465-657169740,graded,441.027,1.059
inst-468-622758660,graded,188.716,0.843
inst-475-657169740,graded,975.749,0.903
inst-487-1125634119,graded,255.566,0.54
inst-491-1362585030,graded,618.432,0.978
inst-494-1125634119,graded,412.912,0.816
inst-494-53859469,graded,374.512,0.62
inst-505-622758660,graded,136.42,0.848
inst-509-657169740,graded,332.414,0.453
inst-516-1362585030,graded,27.769,0.535
inst-517-53859469,graded,99.718,0.766
inst-518-1362585030,graded,62.974,0.551
inst-518-622758660,graded,17.719,0.614
inst-520-53859469,graded,65.655,0.488
inst-525-622758660,graded,12.187,0.364
inst-525-657169740,graded,77.164,0.342
inst-527-1125634119,graded,78.088,0.701
inst-527-1362585030,graded,55.61,0.676
inst-532-53859469,graded,11.073,0.53
inst-546-1362585030,graded,610.47,0.873
inst-546-622758660,graded,431.511,0.491
inst-548-1125634119,graded,61.218,0.784
inst-550-657169740,graded,635.083,1.619
inst-551-53859469,graded,42.699,0.625
inst-554-657169740,graded,13.075,0.599
inst-555-1125634119,graded,969.46,0.497
inst-555-622758660,graded,648.014,1.08
inst-562-53859469,graded,282.809,0.915
inst-562-657169740,graded,131.401,0.658
inst-563-1125634119,graded,262.219,1.19
inst-563-1678613759,graded,27.692,0.797
inst-563-622758660,graded,11.205,1.17
inst-569-1006987790,graded,57.56,0.516
inst-569-1059134666,graded,181.252,0.825
inst-569-1125634119,graded,94.128,1.172
inst-569-1218912387,graded,209.003,1.687
inst-569-1362585030,graded,466.134,1.12
inst-569-138105639,graded,213.072,0.679
inst-569-1678613759,graded,1004.579,0.518
inst-569-236760788,graded,52.1,0.721
inst-569-53859469,graded,140.181,1.624
inst-569-622758660,graded,817.55,0.693
inst-569-657169740,graded,239.907,0.669
inst-569-725167965,graded,731.004,1.055
inst-569-744459472,graded,22.087,1.364
inst-579-236760788,graded,1047.315,0.914
inst-587-1006987790,graded,11.85,2.546
inst-587-138105639,graded,66.344,1.594
inst-587-1450488136,graded,15.377,1.603
inst-587-622758660,graded,495.021,0.825
inst-587-725167965,graded,578.27,0.539
inst-587-744459472,graded,94.864,1.469
inst-588-1006987790,graded,36.347,0.36
inst-588-1059134666,graded,50.017,1.963
inst-588-1125634119,graded,46.106,1.256
inst-588-1218912387,graded,32.708,5.942
inst-588-138105639,graded,13.436,2.062
inst-588-1450488136,graded,108.49,1.502
inst-588-236760788,graded,34.592,2.142
inst-588-53859469,graded,31.525,0.574
inst-588-657169740,graded,89.298,0.672
inst-588-725167965,graded,15.314,0.953
inst-588-744459472,graded,11.261,0.876
inst-590-725167965,graded,11.896,0.401
inst-59-1362585030,graded,53.563,0.586
inst-596-138105639,graded,217.473,0.588
inst-596-622758660,graded,284.494,0.512
inst-598-744459472,graded,31.641,0.994
inst-601-622758660,graded,600.192,1.103
inst-602-1006987790,graded,63.02,2.213
inst-602-1059134666,graded,63.196,4.382
inst-602-1125634119,graded,45.902,0.496
inst-602-1218912387,graded,11.838,69.51
inst-602-1362585030,graded,17.567,10.253
inst-602-138105639,graded,18.854,0.513
inst-602-1450488136,graded,126.489,0.417
inst-602-1678613759,graded,31.998,0.787
inst-602-236760788,graded,31.604,0.91
inst-602-53859469,graded,98.763,0.441
inst-602-622758660,graded,30.799,1.803
inst-602-657169740,graded,13.409,33.422
inst-602-725167965,graded,10.95,1.812
inst-602-744459472,graded,27.722,1.31
inst-604-138105639,graded,18.368,1.48
inst-604-744459472,graded,100.391,2.366
inst-610-1678613759,graded,11.912,1.201
inst-610-236760788,graded,167.878,0.906
inst-610-744459472,graded,18.544,0.51
inst-613-236760788,graded,36.161,0.581
inst-614-138105639,graded,10.087,1.485
inst-614-725167965,graded,494.852,0.885
inst-616-744459472,graded,470.14,0.603
inst-622-1059134666,graded,37.133,20.143
inst-622-1125634119,graded,13.144,0.418
inst-622-1218912387,graded,54.625,18.377
inst-622-1450488136,graded,477.427,0.654
inst-622-1678613759,graded,119.421,1.535
inst-622-236760788,graded,32.677,0.612
inst-622-53859469,graded,229.349,0.444
inst-622-622758660,graded,15.383,0.717
inst-622-657169740,graded,44.15,33.153
inst-622-725167965,graded,58.778,0.979
inst-622-744459472,graded,27.532,1.016
inst-629-1006987790,graded,13.891,2.61
inst-629-1059134666,graded,26.17,8.995
inst-629-1125634119,graded,84.866,0.587
inst-629-1218912387,graded,39.816,28.593
inst-629-1362585030,graded,15.79,17.572
inst-629-1678613759,graded,12.79,1.659
inst-629-236760788,graded,66.869,1.226
inst-629-53859469,graded,17.021,0.364
inst-629-622758660,graded,20.881,0.789
inst-629-657169740,graded,85.508,20.362
inst-629-725167965,graded,133.625,2.992
inst-629-744459472,graded,32.562,0.922
inst-630-622758660,graded,708.921,0.69
inst-633-138105639,graded,132.306,2.25
inst-633-725167965,graded,257.065,0.948
inst-637-236760788,graded,170.932,0.718
inst-639-1006987790,graded,129.967,0.707
inst-639-1059134666,graded,131.179,2.425
inst-639-1125634119,graded,49.003,0.909
inst-639-1218912387,graded,206.193,18.729
inst-639-1362585030,graded,59.132,13.58
inst-639-1450488136,graded,31.719,0.885
inst-639-1678613759,graded,68.632,1.369
inst-639-236760788,graded,17.6,1.825
inst-639-53859469,graded,36.988,0.524
inst-639-622758660,graded,36.822,0.848
inst-639-657169740,graded,30.129,33.469
inst-639-725167965,graded,25.1,2.318
inst-639-744459472,graded,276.394,0.908
inst-644-1006987790,graded,16.842,2.093
inst-644-1059134666,graded,21.894,0.774
inst-644-1125634119,graded,17.027,0.577
inst-644-1218912387,graded,108.528,22.209
inst-644-1362585030,graded,46.363,5.961
inst-644-138105639,graded,47.258,0.653
inst-644-1450488136,graded,13.095,0.519
inst-644-1678613759,graded,13.12,0.536
inst-644-236760788,graded,25.103,0.825
inst-644-53859469,graded,19.36,0.401
inst-644-622758660,graded,17.166,0.801
inst-644-657169740,graded,13.945,123.073
inst-644-725167965,graded,70.058,4.542
inst-644-744459472,graded,84.547,1.017
inst-648-1125634119,graded,15.492,0.474
inst-648-1678613759,graded,12.488,2.279
inst-648-622758660,graded,16.077,0.636
inst-648-725167965,graded,16.466,0.938
inst-652-622758660,graded,494.518,0.666
inst-653-622758660,graded,11.776,1.057
inst-653-744459472,graded,279.77,0.654
inst-654-236760788,graded,42.202,0.795
inst-654-622758660,graded,168.33,0.477
inst-654-725167965,graded,451.44,0.848
inst-654-744459472,graded,662.171,0.767
inst-657-622758660,graded,125.423,0.919
inst-659-744459472,graded,18.087,0.826
inst-664-744459472,graded,101.709,0.833
inst-665-138105639,graded,41.483,1.044
inst-668-236760788,graded,77.795,0.568
inst-669-138105639,graded,23.393,0.696
inst-669-1450488136,graded,14.369,0.377
inst-669-236760788,graded,10.428,0.629
inst-669-725167965,graded,13.854,1.838
inst-669-744459472,graded,14.0,0.745
inst-687-236760788,graded,307.164,3.023
inst-691-1006987790,graded,18.589,1.446
inst-691-1125634119,graded,201.544,0.653
inst-691-138105639,graded,274.165,0.779
inst-691-1450488136,graded,435.851,1.37
inst-691-1678613759,graded,540.708,1.442
inst-691-236760788,graded,459.197,0.658
inst-691-622758660,graded,31.934,0.462
inst-691-657169740,graded,159.372,21.615
inst-691-744459472,graded,439.068,1.266
inst-692-138105639,graded,234.437,0.591
inst-695-138105639,graded,22.412,0.463
inst-695-236760788,graded,13.055,1.006
inst-695-622758660,graded,15.385,1.239
inst-695-744459472,graded,28.679,1.052
inst-697-236760788,graded,15.795,2.049
inst-701-236760788,graded,12.176,1.098
inst-707-138105639,graded,17.962,2.258
inst-708-138105639,graded,20.42,0.827
inst-708-622758660,graded,55.818,0.426
inst-708-744459472,graded,54.937,0.771
inst-709-622758660,graded,356.943,0.614
inst-714-138105639,graded,10.216,3.701
inst-714-622758660,graded,12.826,0.454
inst-714-744459472,graded,15.584,1.654
inst-715-138105639,graded,835.817,2.105
inst-721-236760788,graded,194.903,1.2
inst-722-1125634119,graded,30.425,1.103
inst-722-236760788,graded,819.077,3.862
inst-722-725167965,graded,13.502,0.372
inst-723-1006987790,graded,69.123,1.418
inst-723-1059134666,graded,60.596,5.196
inst-723-1125634119,graded,18.238,0.422
inst-723-1218912387,graded,15.28,19.025
inst-723-1362585030,graded,10.298,23.274
inst-723-1450488136,graded,10.959,0.396
inst-723-236760788,graded,57.159,0.319
inst-723-622758660,graded,16.095,0.367
inst-723-725167965,graded,92.063,0.5
inst-729-622758660,graded,267.652,0.644
inst-729-725167965,graded,22.047,0.641
inst-730-622758660,graded,76.627,0.401
inst-733-725167965,graded,91.967,0.729
inst-737-236760788,graded,449.453,1.672
inst-737-744459472,graded,88.078,1.466
inst-738-236760788,graded,15.895,0.485
inst-738-744459472,graded,10.239,0.583
inst-747-1678613759,graded,16.815,1.764
inst-747-725167965,graded,19.372,0.496
inst-748-1059134666,graded,10.415,3.802
inst-748-1125634119,graded,45.9,0.816
inst-748-1218912387,graded,32.198,18.873
inst-748-1362585030,graded,44.489,31.675
inst-748-138105639,graded,10.776,0.995
inst-748-1678613759,graded,104.541,0.806
inst-748-236760788,graded,12.129,1.514
inst-748-53859469,graded,18.171,1.603
inst-748-657169740,graded,26.638,33.521
inst-748-725167965,graded,17.001,3.261
inst-748-744459472,graded,73.868,0.805
inst-749-744459472,graded,991.373,0.746
inst-755-622758660,graded,36.987,0.458
inst-755-744459472,graded,15.479,0.549
inst-757-138105639,graded,24.035,1.587
inst-757-1450488136,graded,12.343,0.377
inst-757-236760788,graded,18.363,1.006
inst-757-725167965,graded,31.9,0.523
inst-757-744459472,graded,14.948,0.631
inst-758-236760788,graded,12.322,1.857
inst-758-744459472,graded,10.604,2.191
inst-759-236760788,graded,117.718,2.1
inst-759-744459472,graded,30.034,2.065
inst-76-1125634119,graded,70.412,3.796
inst-761-236760788,graded,18.984,1.381
inst-762-236760788,graded,211.822,3.179
inst-763-725167965,graded,18.559,1.273
inst-765-138105639,graded,89.975,1.06
inst-765-725167965,graded,33.654,1.049
inst-766-236760788,graded,140.473,0.489
inst-766-622758660,graded,26.192,1.025
inst-766-725167965,graded,33.161,0.446
inst-76-725167965,graded,11.081,0.931
inst-774-138105639,graded,12.18,1.43
inst-774-1678613759,graded,218.434,1.76
inst-774-622758660,graded,132.337,3.169
inst-774-744459472,graded,22.882,1.179
inst-775-138105639,graded,30.943,0.608
inst-775-622758660,graded,31.553,0.669
inst-775-725167965,graded,13.016,2.554
inst-776-138105639,graded,26.656,0.533
inst-776-622758660,graded,15.26,0.593
inst-776-725167965,graded,11.263,0.608
inst-778-138105639,graded,16.794,0.636
inst-778-236760788,graded,167.78,2.798
inst-778-744459472,graded,18.457,0.895
inst-782-725167965,graded,221.911,2.289
inst-783-725167965,graded,17.346,1.545
inst-786-744459472,graded,54.323,0.543
inst-787-138105639,graded,32.125,0.855
inst-788-725167965,graded,33.858,1.518
inst-792-236760788,graded,174.074,2.274
inst-792-744459472,graded,13.221,0.7
inst-794-236760788,graded,670.574,1.634
inst-98-1125634119,graded,104.61,1.126
inst-98-236760788,graded,74.602,0.478
inst-98-53859469,graded,73.773,0.828
inst-12-253244154,graded,12.699,0.553
inst-12-820223462,graded,860.281,0.858
inst-131-1287427781,graded,45.399,1.796
inst-136-756418747,graded,876.482,3.385
inst-138-1352538835,graded,27.711,0.866
inst-142-253244154,graded,27.277,2.651
inst-146-1352538835,graded,18.755,0.609
inst-146-1849147673,graded,99.909,0.347
inst-146-253244154,graded,367.219,0.835
inst-146-886863663,graded,27.696,0.658
inst-157-820223462,graded,143.662,2.099
inst-162-312021791,graded,794.273,1.56
inst-165-253244154,graded,334.989,1.46
inst-171-312021791,graded,320.037,1.02
inst-181-820223462,graded,13.644,0.622
inst-201-312021791,graded,30.323,1.273
inst-222-756418747,graded,162.292,0.936
inst-222-820223462,graded,102.709,1.664
inst-222-886863663,graded,619.152,0.789
inst-232-312021791,graded,398.893,0.938
inst-242-253244154,graded,371.658,0.771
inst-245-253244154,graded,57.06,0.732
inst-245-820223462,graded,172.628,1.33
inst-256-1287427781,graded,150.399,1.739
inst-259-1287427781,graded,34.39,1.088
inst-259-1352538835,graded,10.999,0.655
inst-259-1849147673,graded,304.733,0.977
inst-259-253244154,graded,424.386,1.034
inst-259-29510123,graded,354.318,1.443
inst-259-312021791,graded,858.777,0.766
inst-259-485952560,graded,58.667,1.163
inst-262-253244154,graded,52.033,0.811
inst-279-820223462,graded,739.475,0.697
inst-280-253244154,graded,121.555,0.745
inst-280-312021791,graded,23.041,0.922
inst-280-706832118,graded,540.004,1.4
inst-280-820223462,graded,88.266,1.404
inst-286-1530506312,graded,13.589,0.724
inst-286-820223462,graded,46.322,0.319
inst-288-1287427781,graded,211.287,21.915
inst-288-820223462,graded,44.823,0.806
inst-30-1849147673,graded,325.42,1.583
inst-30-253244154,graded,27.26,0.476
inst-30-29510123,graded,211.68,1.353
inst-30-312021791,graded,393.025,0.743
inst-30-756418747,graded,234.095,3.773
inst-320-253244154,graded,211.628,0.911
inst-359-1849147673,graded,25.354,0.921
inst-359-756418747,graded,50.094,0.587
inst-360-1352538835,graded,162.076,0.558
inst-361-1352538835,graded,93.32,0.652
inst-361-253244154,graded,51.978,1.451
inst-361-29510123,graded,851.497,1.37
inst-361-820223462,graded,83.895,1.0
inst-365-1287427781,graded,274.057,1.319
inst-365-1352538835,graded,37.674,0.599
inst-365-312021791,graded,21.916,0.794
inst-370-820223462,graded,157.115,2.37
inst-372-1109441022,graded,11.175,0.584
inst-372-1352538835,graded,95.823,0.348
inst-372-1669147618,graded,156.186,0.317
inst-372-253244154,graded,456.926,2.261
inst-372-485952560,graded,156.313,0.692
inst-372-756418747,graded,958.986,0.299
inst-372-820223462,graded,73.295,0.742
inst-372-886863663,graded,40.759,0.413
inst-374-1849147673,graded,403.926,0.645
inst-375-820223462,graded,191.394,0.917
inst-405-1352538835,graded,10.645,1.712
inst-406-1669147618,graded,526.647,0.866
inst-406-312021791,graded,505.269,0.727
inst-407-820223462,graded,964.642,2.213
inst-412-253244154,graded,187.972,0.77
inst-414-1530506312,graded,997.965,6.247
inst-414-29510123,graded,29.567,3.981
inst-414-756418747,graded,15.254,0.732
inst-415-756418747,graded,39.738,9.107
inst-416-312021791,graded,45.726,0.786
inst-416-799667840,graded,95.193,0.647
inst-416-886863663,graded,1009.741,0.606
inst-418-799667840,graded,227.374,1.393
inst-418-820223462,graded,548.244,0.898
inst-424-1669147618,graded,77.859,1.147
inst-424-1849147673,graded,31.308,0.877
inst-424-312021791,graded,75.571,0.4
inst-424-799667840,graded,460.553,2.178
inst-430-1352538835,graded,75.468,0.879
inst-433-799667840,graded,14.293,0.505
inst-436-799667840,graded,27.633,1.087
inst-437-1287427781,graded,114.652,1.962
inst-437-1669147618,graded,302.665,2.487
inst-437-1849147673,graded,11.136,0.838
inst-437-253244154,graded,716.785,0.836
inst-43-756418747,graded,22.577,5.382
inst-437-706832118,graded,68.422,0.992
inst-43-820223462,graded,10.068,3.055
inst-450-1352538835,graded,141.466,0.821
inst-45-1352538835,graded,432.746,2.126
inst-455-1669147618,graded,56.852,3.646
inst-458-1352538835,graded,462.248,1.642
inst-461-1669147618,graded,35.914,500.882
inst-464-1669147618,graded,36.101,508.982
inst-466-1669147618,graded,36.209,507.104
inst-467-1669147618,graded,35.873,506.408
inst-468-1109441022,graded,12.668,2.335
inst-468-1669147618,graded,45.928,508.923
inst-469-1669147618,graded,35.873,508.553
inst-470-1669147618,graded,36.011,506.75
inst-471-1669147618,graded,35.873,506.01
inst-473-1669147618,graded,35.873,503.919
inst-474-1669147618,graded,35.873,488.603
inst-475-1669147618,graded,36.078,509.039
inst-476-1669147618,graded,35.88,500.959
inst-480-1669147618,graded,35.873,488.661
inst-483-1669147618,graded,35.898,508.929
inst-484-1669147618,graded,35.885,504.568
inst-485-1669147618,graded,36.739,508.983
inst-487-1669147618,graded,36.241,504.56
inst-48-886863663,graded,532.855,1.338
inst-490-1669147618,graded,35.884,506.89
inst-495-1669147618,graded,35.873,502.707
inst-499-1109441022,graded,691.211,0.861
inst-500-1669147618,graded,36.0,506.844
inst-502-1669147618,graded,35.887,508.797
inst-506-1669147618,graded,199.767,504.508
inst-524-1669147618,graded,85.405,19.034
inst-556-1109441022,graded,70.158,0.479
inst-67-1352538835,graded,863.8,1.819
inst-79-253244154,graded,288.345,1.558
inst-79-756418747,graded,51.198,10.177
inst-79-820223462,graded,21.623,1.528
inst-87-886863663,graded,57.719,0.422
inst-91-253244154,graded,34.394,0.546
inst-91-886863663,graded,27.188,0.54
inst-98-1530506312,graded,20.981,1.806
